"gene_id","baseMean","log2FoldChange","lfcSE","stat","pvalue","padj"
"ENSG00000160183",653.230813888084,1.25943676570945,0.101287101281633,12.4343252968366,1.70171556115588e-35,2.28029885194888e-33
"ENSG00000142156",167.95487367079,1.75949135610399,0.180685627714897,9.73786005204732,2.07885867322043e-22,9.28556874038459e-21
"ENSG00000154736",39.0666429751493,-3.27502617913164,0.437907091567927,-7.47881512355829,7.49956871284119e-14,1.2561777594009e-12
"ENSG00000154654",70.2462112763117,1.17172693260797,0.334157644592034,3.50650943221277,0.000454025344697261,0.00217283557819403
"ENSG00000185437",57.0603498516571,1.31948827487826,0.389579480690829,3.38695526914931,0.000706729095182492,0.00315672329181513
"ENSG00000183486",12.4731793976147,2.41979622630751,0.796048434743503,3.03976004561482,0.00236766704125947,0.00857479414942618
